Study,false,999000,1468800000,28,18,1,8,6123982,17,
Megan,false,999001,1467504000,14,14,2,10,3228295,14,
tbd,false,999002,1473984000,64,53,1,9,14078091,45,
Writing Playlist,false,999003,1450137600,188,115,1,33,48872622,84,
Drinking music,false,999004,1440633600,71,63,2,12,16090888,45,
UNICORNS!!!,false,999005,1367712000,12,8,1,3,2585035,4,
Coachella 2017,false,999006,1491782400,163,146,1,2,40985368,105,
Others,false,999007,1496707200,11,10,1,5,2303099,9,
üöóüí®,false,999008,1509321600,220,198,1,80,50951981,152,
WORKOUT 2,false,999009,1424563200,33,25,1,2,6861905,15,
chilllllllll,false,999010,1508976000,16,11,1,6,3435452,7,
My Jams,false,999011,1507593600,161,131,1,61,36699287,103,
Espanol,false,999012,1505865600,16,13,1,11,5211125,12,
Rap,false,999013,1477958400,60,48,1,3,14469036,36,
alt,false,999014,1366502400,92,13,1,2,19589829,6,
Punk,true,999015,1505606400,118,74,1,33,20857510,40,
quiet time,false,999016,1444867200,162,61,2,16,51361555,26,
Bet,false,999017,1508976000,54,37,5,5,9685259,22,
Christian,false,999018,1509235200,74,65,1,35,17869178,52,
Jams,false,999019,1464307200,5,5,1,4,1060126,4,
Tierra caliente,false,999020,1508630400,67,35,1,14,12320550,20,
80s,false,999021,1467417600,72,67,6,26,18447865,57,
Throwbacks,false,999022,1509235200,116,99,1,39,25843253,78,
Pop songs,false,999023,1474502400,120,111,1,61,26588326,93,
metalcore,false,999024,1429833600,11,7,1,5,2509422,5,
Hyphy,false,999025,1505001600,66,56,1,4,14695234,43,
Oldies,false,999026,1447372800,103,90,1,48,22717704,82,
PARTY PLAYLIST,false,999027,1503100800,32,30,1,6,7681547,29,
Happy Day,false,999028,1505692800,83,74,1,44,19697033,65,
Basement,false,999029,1440460800,25,9,2,2,4534038,4,
hits,false,999030,1509408000,17,14,1,9,3810014,14,
Together,false,999031,1502668800,70,58,1,13,15307769,51,
Walk Up Songs,false,999032,1487721600,15,14,1,4,3307139,10,
number one,false,999033,1503792000,18,14,1,8,4237123,12,
Classic Music,false,999034,1507852800,230,153,2,26,54964830,88,
Reggaeton ,false,999035,1464393600,20,16,1,7,4520580,13,
Mixtape,false,999036,1439510400,48,42,2,7,11949672,29,
hick ,false,999037,1497744000,41,30,1,2,8935053,22,
Play it Forward,false,999038,1449878400,30,30,1,2,6842475,30,
believe,true,999039,1506729600,50,48,1,24,11982256,45,
All That Jazz,false,999040,1499644800,56,47,1,13,19577564,35,Jazz no words (instermentals)
Fall Playlist ,false,999041,1477267200,234,92,1,16,45332898,59,
nostalgia,false,999042,1466035200,36,32,1,3,9176861,27,
bedroom,false,999043,1494288000,43,38,2,6,9453605,27,
VIRGINIA!! ,false,999044,1471996800,34,33,3,30,8270255,30,
Aaliyah,false,999045,1479945600,180,136,1,60,42094847,89,
Christmas Party,false,999046,1451001600,39,30,1,9,8165921,26,
Rainy Dayz,false,999047,1439164800,12,9,1,7,2816996,7,
Feel Good,false,999048,1507766400,57,48,1,21,13799542,44,
Lu,false,999049,1428710400,6,6,1,2,1375537,6,
Dance,false,999050,1508630400,47,42,1,7,11444262,37,
Summer Workout,false,999051,1508112000,42,41,1,13,9802577,38,
international,false,999052,1485648000,94,86,4,4,21411444,77,
soul train,false,999053,1489017600,38,37,1,2,10514037,25,
Bed time,false,999054,1395014400,68,31,1,9,23011347,18,
KAT,false,999055,1507766400,130,116,2,12,29570543,91,
Latin Vibes,false,999056,1506556800,17,14,1,6,3824606,11,
spring/summer 2017,false,999057,1505088000,72,70,1,52,16665711,65,
classics,false,999058,1455062400,9,9,1,7,2045341,9,
Don't Let Me Down,false,999059,1463097600,8,7,3,5,1685859,7,
July 2017,false,999060,1499990400,15,14,1,3,3129203,14,
mumford,false,999061,1454544000,97,85,6,3,21704791,73,
Breakfast,true,999062,1465084800,10,10,1,2,2540195,10,
Workout,false,999063,1436486400,66,62,1,23,16131252,58,
My favs,false,999064,1507593600,108,69,1,34,23085786,43,
january 17,false,999065,1486252800,40,37,1,8,9140774,35,
Dance,false,999066,1500076800,75,72,1,46,18519950,60,
Shower,false,999067,1489881600,21,21,2,4,4941309,18,
Disney,false,999068,1399161600,64,40,1,5,11756349,49,
Electric Light Orchestra,false,999069,1427414400,187,31,3,3,44965841,3,
Grad party ,false,999070,1468800000,76,69,1,6,16352986,64,
savage,false,999071,1507334400,11,9,1,5,2436266,7,
Latin Mix,false,999072,1507248000,60,49,1,31,13537949,32,
motivation,false,999073,1508457600,23,21,1,5,5296994,18,
90s,false,999074,1506988800,104,85,1,24,23630980,55,
Throwback ,false,999075,1500508800,48,46,3,3,12532383,39,
current,false,999076,1442275200,7,6,1,2,1587265,6,
Chill music,false,999077,1473292800,15,13,3,3,4091819,10,
üî•üî•üî•,false,999078,1509062400,133,79,1,48,28620863,57,
oldies,false,999079,1458172800,11,11,1,2,2103382,6,
Oldies,false,999080,1459987200,44,38,1,9,11042231,32,
Chill Out,false,999081,1464307200,83,63,1,36,18877858,52,
pg,false,999082,1444089600,85,67,1,52,20076390,58,
happy,false,999083,1490659200,57,53,1,3,11904198,46,
Steph,false,999084,1467590400,72,25,1,11,14185292,13,
2017,false,999085,1491868800,6,6,1,6,1326491,5,
Old school ,false,999086,1509062400,64,59,1,3,16679596,48,
R&B,false,999087,1418083200,165,104,1,5,44054122,61,
Cumbias ,false,999088,1500595200,64,31,1,13,14474331,23,
jewel,false,999089,1508544000,41,35,1,28,8984557,31,
Winter 2016,false,999090,1483056000,41,37,1,5,10863111,32,
Current Rotation,false,999091,1502236800,150,121,5,56,38881881,98,
OLD SKOOL,false,999092,1507593600,48,35,1,13,13065131,22,
Bug,true,999093,1507680000,113,103,1,71,24900516,83,
summer 2017,false,999094,1500940800,159,142,2,50,33173055,126,
Easy Listening,false,999095,1501113600,18,18,1,16,4172613,18,
BEST OF DISNEY,false,999096,1457308800,26,16,2,4,5052030,23,
car rides,false,999097,1497225600,41,32,1,10,9903401,28,
Salsa,false,999098,1508284800,134,78,4,6,39087522,39,
feel good music.,false,999099,1439510400,5,5,1,5,1056576,5,
Chillout,false,999100,1505088000,89,73,2,53,20510269,52,
Workout,false,999101,1476835200,36,33,1,20,7890639,31,
worship,false,999102,1488412800,51,35,1,4,15822043,24,
Awesome Sauce,false,999103,1456012800,32,27,1,12,7848745,21,
vampire weekend,false,999104,1464652800,17,16,1,4,4997523,15,
Break,false,999105,1378339200,7,7,1,2,1598064,7,
Mexico,false,999106,1504483200,130,100,2,14,32121301,66,
workout ,false,999107,1463097600,58,52,1,33,13275829,43,
December ,false,999108,1418256000,34,30,1,19,7138132,29,
Alex,false,999109,1503619200,59,51,1,6,12778113,35,
Good oldies,false,999110,1437177600,41,38,1,6,7925131,30,
juicy,false,999111,1487462400,199,72,2,8,41750328,41,
Beatles,false,999112,1487030400,26,26,2,14,6145931,24,
jm,false,999113,1394150400,122,15,1,6,33264290,4,
Black beats,false,999114,1494288000,49,38,1,4,12241616,23,
Dixie,false,999115,1368662400,58,40,2,15,13489148,21,
ya,false,999116,1468368000,57,37,1,13,12531170,29,
nice and easy,false,999117,1485561600,105,74,5,29,20359443,61,slighty unhappy
run ,false,999118,1492387200,33,32,1,16,7725220,30,
Spring Break,false,999119,1492992000,124,110,3,5,27077351,84,
New Rap,false,999120,1509321600,114,61,1,55,24619918,36,
.::March::.,false,999121,1490918400,142,137,1,53,36618783,127,
Hip hop,false,999122,1508976000,53,45,3,21,12429991,41,
Spanish ,false,999123,1436745600,31,28,1,2,6929250,24,
New list,false,999124,1508544000,32,24,1,20,6792684,19,
cocktail hour,false,999125,1509148800,32,30,1,7,7933808,26,
always,false,999126,1508630400,25,25,1,7,5734272,23,
Rock jams,false,999127,1507939200,25,15,1,6,5227368,15,
hits,false,999128,1475193600,48,34,2,19,11609216,22,
litty!,false,999129,1504742400,109,97,1,7,23596521,73,
Old School,false,999130,1489017600,38,33,2,2,10364049,29,
PARTY,false,999131,1491004800,93,80,2,4,19485261,57,
summa,false,999132,1503792000,125,113,1,7,27249506,89,when ur feeling sunny
Rap,false,999133,1509408000,218,172,1,33,54194794,97,
Fiesta,false,999134,1499472000,112,91,2,3,28737095,59,
Chill Vibes,false,999135,1499817600,26,26,1,17,6186637,25,
Love On The Brain,false,999136,1508889600,103,83,3,51,28484744,56,
Soundtrack,false,999137,1483920000,51,50,3,33,12745067,43,
bluegrass,false,999138,1506384000,25,21,1,8,5972159,14,
Summer 2016,false,999139,1472342400,38,38,2,20,8621179,36,
GRAD,false,999140,1466121600,148,103,4,3,33099694,77,
Worship,false,999141,1439510400,51,49,1,19,14486380,33,
Summer 2K17,false,999142,1495238400,42,34,2,13,9397340,34,
50s/60s,false,999143,1390089600,6,6,1,4,909621,6,
June 16,false,999144,1435881600,22,20,5,4,6871424,18,
audi,false,999145,1444608000,86,56,1,13,20920517,33,
JUNE,false,999146,1486425600,17,17,1,6,5282800,16,
90's Hits,false,999147,1470441600,25,23,1,12,6499885,18,
study time,false,999148,1402444800,32,20,2,7,7858226,15,
real talk,false,999149,1497484800,29,27,1,24,6174024,27,
roadtrip,false,999150,1502064000,41,41,1,7,9496188,38,
Pregame,false,999151,1412812800,30,30,1,3,7380895,26,
Rock,false,999152,1397692800,75,46,1,15,22946113,19,
80s music,false,999153,1483920000,241,190,1,22,62552029,124,
ep,false,999154,1509235200,30,20,1,8,7065802,12,zap zap pop pop
bsb,false,999155,1456272000,7,6,1,6,1927788,5,
March 2015,false,999156,1427760000,11,11,1,8,2324925,11,
2017,false,999157,1509235200,210,135,5,118,48365560,91,
Workout,false,999158,1500076800,55,52,1,12,14742812,41,
study,false,999159,1509321600,89,74,1,31,23048784,63,
Hard Times,false,999160,1393977600,26,26,1,8,6515038,25,
Take it Easy,false,999161,1506902400,119,107,2,63,29904764,66,
Modern Music,false,999162,1482710400,78,66,1,7,16757995,55,It&#x27;s the cliche compilation of commonly played songs that I really enjoy, though most would call it a &quot;Chick playlist&quot; ;P
favorite worship,false,999163,1509408000,234,55,1,6,83865784,44,
Memory Lane,false,999164,1486512000,54,28,2,3,13395500,13,
Back to School,false,999165,1473120000,49,47,1,12,10764006,43,
Workout,false,999166,1505606400,46,38,1,11,12234292,18,
New songs,false,999167,1498262400,8,8,1,3,1930417,7,
Musical,false,999168,1501977600,187,45,3,58,40120290,79,
!Party,false,999169,1427587200,111,95,2,19,25509315,84,
Pregame,false,999170,1502409600,47,40,1,9,11115508,28,
Chill Zone,false,999171,1475452800,64,44,1,7,16396763,28,
Soft,false,999172,1464912000,5,5,1,2,1174451,4,
‚ù§Ô∏è,false,999173,1488153600,23,13,1,7,5923821,10,
Warped Tour 2017,false,999174,1499558400,77,20,3,8,16924017,9,
JOY,false,999175,1419033600,33,27,2,19,8898765,22,
Funeral,false,999176,1508371200,137,108,1,66,34096351,79,
Smooth,false,999177,1509408000,102,73,1,73,23535039,61,
happy,false,999178,1503964800,10,8,1,6,2672730,6,
party ,false,999179,1487980800,152,135,2,16,39577573,91,
FIREüî•üî•üî•,false,999180,1509408000,81,49,1,52,17472544,36,
running,false,999181,1469836800,27,25,1,18,6152340,23,
throwbacks,false,999182,1508803200,211,180,1,104,46744870,128,
Work Music,false,999183,1506902400,51,47,2,5,11058501,44,
Baby Driver,false,999184,1507507200,38,38,1,2,8075239,38,
boa,false,999185,1506297600,61,58,1,9,13391789,50,
L.o.v.e,false,999186,1490313600,124,97,5,52,27586867,74,here are some random songs that i lover
THROWBACKS :),false,999187,1506297600,160,129,2,17,37923217,88,
Novedades ,false,999188,1488758400,68,62,4,29,16821747,45,
Vibe,false,999189,1503100800,107,94,1,34,25183812,75,
Firestone,false,999190,1506556800,111,92,3,39,28713525,74,
October,false,999191,1475884800,9,8,1,3,1867777,8,
hip hop,false,999192,1509062400,126,97,1,79,26083107,75,
yeet,false,999193,1486684800,23,21,1,17,5284249,20,
Kid Cudi,false,999194,1444262400,22,8,1,8,5467111,3,
Les Mis,false,999195,1496361600,12,2,1,3,1874717,7,
Yellow,false,999196,1505952000,22,17,2,5,5462083,16,:)
Classic Rock,false,999197,1503273600,138,93,1,51,39184734,64,
2014 ,false,999198,1440806400,45,36,1,13,10333851,39,
Halloween,false,999199,1475452800,19,19,1,2,5290548,19,
work,false,999200,1408060800,67,54,2,15,17170804,32,
june,false,999201,1496880000,9,9,2,7,2155783,7,
Part 1,false,999202,1472774400,17,15,1,12,3848478,14,
bailamos,false,999203,1500595200,48,31,2,18,11081813,23,
daily mix,false,999204,1503446400,21,21,1,3,4598507,21,
Kpop,false,999205,1508112000,185,143,1,108,40400237,85,
Feeling Good,false,999206,1503100800,233,149,1,93,52660603,119,
lit,false,999207,1459814400,62,43,1,17,14298646,25,
fall 2017,false,999208,1509062400,17,16,1,10,3805814,16,
Summer 2016,false,999209,1480982400,56,47,1,13,11996948,38,
Fall 2016,false,999210,1481155200,130,98,1,24,32117002,89,
90's Jams,false,999211,1504310400,55,51,1,13,12902780,39,
Indie Chill,false,999212,1496188800,204,160,2,40,48320506,126,
2016,false,999213,1481328000,46,39,1,16,9932007,36,
Shower mix,false,999214,1488412800,10,10,1,3,2391043,9,
sleep,false,999215,1509408000,55,42,1,37,11951184,39,
ratchet,false,999216,1507939200,184,121,2,66,41002184,75,
Classics,false,999217,1507939200,20,20,3,7,5453176,19,70s, 80s, 90s rock
Workout,false,999218,1488153600,35,33,1,5,7475162,33,
Rap,false,999219,1504569600,18,18,1,3,4136724,16,
workout,false,999220,1447372800,128,114,1,53,31676111,66,
Wedding,false,999221,1503619200,78,69,1,3,20040865,50,
Calvin Harris,false,999222,1445385600,19,14,1,3,5207543,4,
Misc,false,999223,1502668800,61,53,1,3,13710618,50,
Old Soul,false,999224,1509235200,49,42,3,21,9137404,30,
Fun,false,999225,1441238400,13,12,1,12,2914108,12,
wrk,false,999226,1440028800,19,17,1,2,4793256,17,
Jazzy,false,999227,1404604800,67,40,1,3,21844402,19,
queen,false,999228,1425686400,91,70,1,2,21231944,55,
Summer 14,true,999229,1411171200,144,135,3,19,35373164,131,
üòèüòèüòè,false,999230,1496620800,29,26,3,19,7215252,20,
T√∫,false,999231,1501718400,12,12,1,4,3458923,12,
Viaje,false,999232,1508025600,6,4,1,2,1132491,3,
JAZZ,false,999233,1497657600,32,30,1,4,9487309,30,
Antidote,false,999234,1508889600,165,114,1,44,37685192,66,
Restore,false,999235,1405814400,10,8,1,2,3089954,8,
Litty,false,999236,1508803200,102,76,1,24,23115889,38,
Exercise ,false,999237,1506902400,27,26,2,21,5927111,22,
Yacht Rock,false,999238,1450137600,58,45,1,2,14083060,33,
All Country,false,999239,1485993600,179,107,2,50,38025631,60,
Padre,false,999240,1508889600,17,17,1,11,4274638,14,
xXx,false,999241,1508457600,98,96,1,8,26822676,57,
erika,false,999242,1489276800,10,10,1,2,2119041,10,
Sony VAIO - Back to School,false,999243,1374537600,40,40,1,2,9455476,38,
oof,false,999244,1509235200,26,20,1,14,6048273,13,
Paty,false,999245,1473552000,48,40,1,7,12584919,27,
lovelovelove,false,999246,1424217600,40,39,1,3,9257083,37,
summah,false,999247,1509321600,192,178,1,90,43219270,151,
EDEN,false,999248,1488067200,44,22,3,16,11190921,9,
Oto√±o,false,999249,1509321600,18,18,1,11,4426396,17,
spotify and chill,false,999250,1504828800,24,18,2,14,5821664,16,
fifty shades darker,false,999251,1486944000,22,4,1,3,4715489,18,
Run,false,999252,1492646400,66,64,1,32,14448253,58,
Discover ,false,999253,1461542400,19,19,1,6,4666076,19,
Swang,false,999254,1501804800,14,12,1,3,3218141,11,
Autumn 2017,false,999255,1509494400,123,75,1,21,31096776,48,
2016,false,999256,1507766400,48,40,1,10,10469990,29,
classic,false,999257,1507766400,132,120,1,38,32812926,84,
rap stuff,false,999258,1487203200,24,20,1,7,5373359,18,
Shleep,false,999259,1502928000,37,29,1,20,11583465,27,
Baby makin',false,999260,1481155200,56,44,1,7,14871195,27,
sad,false,999261,1509062400,33,26,2,6,7393580,25,
alt,false,999262,1505088000,42,36,1,21,9421000,33,
Elvis,false,999263,1487376000,23,23,1,15,5530388,23,
Cruisin,false,999264,1452988800,175,153,1,21,37351612,127,
Red Dirt,false,999265,1506729600,68,25,1,10,15618136,11,
üòç‚ù§Ô∏è,false,999266,1502928000,18,15,2,7,3709754,13,
Rap,false,999267,1491004800,104,39,1,6,24216057,19,
‚ùå‚ùå‚ùå,true,999268,1450396800,33,29,1,8,8128440,24,
Friday :),false,999269,1465516800,29,23,2,5,6339011,20,
yoo,false,999270,1452470400,23,19,2,6,4932973,18,
Ballads,false,999271,1500681600,46,45,1,9,12741885,40,
Fall,false,999272,1485648000,40,33,1,30,9417026,25,
cool songs ,false,999273,1501286400,20,19,1,16,4171774,18,
Mum,false,999274,1493856000,32,27,1,2,8065475,24,
Good Stuff,false,999275,1483833600,131,118,1,16,28238950,80,
Throwback,false,999276,1508112000,100,81,2,5,24046336,49,
2016,false,999277,1482883200,248,201,1,87,54211034,168,
Fall 2016,false,999278,1482537600,33,28,1,10,6471920,26,
ÔøΩÔøΩÔøΩÔøΩÔøΩÔøΩÔøΩÔøΩÔøΩÔøΩ,false,999279,1505952000,29,25,1,7,6900860,16,
Vibes ,false,999280,1508889600,109,98,4,69,24387858,86,
Smooth Beats,false,999281,1506902400,26,26,1,9,5418356,26,
80's,false,999282,1492041600,87,82,8,21,21266261,72,
Inside Out: So Emotional,false,999283,1434758400,20,20,1,2,4242438,20,
‚òÄÔ∏è,false,999284,1505606400,30,29,1,11,7053422,26,
Recents,false,999285,1499126400,129,95,3,52,28329276,64,
Darty,false,999286,1494115200,46,41,1,3,9983770,33,
disney,false,999287,1501632000,16,12,1,2,4089717,15,
wedding,false,999288,1468972800,167,97,1,10,33681853,58,
Classical,false,999289,1505779200,14,10,1,10,5543571,8,
trill,false,999290,1472256000,69,19,1,6,15092504,9,
üí¶üí¶üí¶,false,999291,1487635200,49,41,1,9,13015851,33,
feels,false,999292,1494374400,9,9,1,3,2288399,9,
Into You,false,999293,1467590400,18,18,1,9,3879960,16,
BBQ,false,999294,1385856000,239,163,1,11,59755695,91,
Hyper,false,999295,1376006400,66,58,1,39,12930605,55,
tURNuP,false,999296,1438819200,94,71,2,16,21604627,47,
sleepy head,false,999297,1416787200,33,32,2,3,7065219,27,
Summer Mix,false,999298,1491264000,7,7,1,2,1637270,7,
WORK,false,999299,1482796800,117,96,1,2,27621394,75,
Country Vibes,false,999300,1508544000,41,34,1,10,9148211,26,
BLUE,false,999301,1424044800,80,77,1,9,19152979,60,
HYPE ,false,999302,1508112000,29,25,1,19,6471415,25,
Currently,false,999303,1505088000,35,9,1,8,8166029,9,
Rock,false,999304,1500595200,32,17,1,9,8739792,11,
Epic,false,999305,1486771200,11,11,1,2,2495052,11,
Mixtape,false,999306,1468368000,88,78,8,66,23225627,66,
Goodies,false,999307,1481587200,82,67,1,14,18545862,59,
LIT üî•,false,999308,1488067200,25,23,1,6,5850004,20,
KPOP,false,999309,1391644800,54,29,10,5,11732571,18,
Sara,false,999310,1457913600,7,7,1,6,1704744,7,
EDM,false,999311,1493856000,37,35,2,13,8713028,30,
Spanish Rock ,false,999312,1445990400,40,16,1,7,9877904,6,
Youtubers ,false,999313,1498953600,9,8,1,8,1514225,7,
SPN,false,999314,1498521600,38,34,2,10,9162895,21,
Dance ,false,999315,1504828800,20,18,2,6,4629481,17,
work,false,999316,1490400000,19,18,1,6,4497533,16,
Ehh,false,999317,1494288000,20,18,1,13,4405406,17,
Oldies,false,999318,1509235200,80,73,5,30,17770563,50,
The Wave,false,999319,1509148800,99,93,2,12,22757311,76,Spicy boi&#x27;s only.
dad,false,999320,1483574400,32,30,1,3,8086298,25,
headphones,false,999321,1401148800,213,61,1,24,45664201,35,
APRIL '17,false,999322,1492992000,20,17,1,6,4916801,13,
emo af,false,999323,1475539200,100,63,1,3,21473764,38,
Pump It,false,999324,1496448000,11,11,1,2,2393556,10,
workout jamz,false,999325,1508976000,33,30,2,5,7275885,25,
Slow,false,999326,1493164800,11,10,1,4,2957027,9,
Yes,false,999327,1416441600,65,53,2,13,14687080,50,
jammin ,false,999328,1494633600,116,79,3,21,28652069,51,
fall,false,999329,1383004800,41,34,7,10,10527661,33,
Afterparty,false,999330,1395619200,78,63,2,4,18988118,54,
Slow Jamz ,false,999331,1504051200,15,15,1,5,4567936,14,
Wedding Songs,false,999332,1497744000,21,17,1,4,5233486,16,
Beach,false,999333,1476144000,73,44,1,7,16444320,18,
ENO,false,999334,1395705600,163,19,1,2,43243120,4,
Trap!,false,999335,1486857600,144,127,1,25,34354979,92,
Oldies,false,999336,1503705600,54,50,2,17,13936318,43,
MY STUFF ;),false,999337,1389744000,234,175,1,111,52900252,134,
July17,false,999338,1500854400,37,37,2,12,9446952,37,
classic.,false,999339,1463356800,51,48,1,14,12164863,33,
merp,false,999340,1508198400,95,94,1,50,22400155,88,
Worship songs,false,999341,1508976000,55,33,2,37,17864252,23,
Bo,false,999342,1479600000,22,21,1,3,4515296,21,
Amber,false,999343,1459555200,13,12,1,2,3567118,12,
Gym Time,false,999344,1507766400,110,103,1,54,24314361,87,
Teen Wolf,false,999345,1491091200,40,37,12,21,9384316,34,
roadtrip,false,999346,1509321600,26,20,1,6,5794568,19,
playlist,false,999347,1446422400,28,18,1,2,6190625,16,
Personal Favorites,false,999348,1505520000,34,27,1,7,6288306,19,
Ry,false,999349,1508457600,46,44,2,2,10574875,39,
Wedding Playlist,false,999350,1507334400,86,82,3,3,19746845,60,
oldies,false,999351,1508803200,76,72,4,34,18487151,67,
Kickin' it,false,999352,1388880000,37,36,3,2,10008037,33,
rapp,false,999353,1448496000,17,17,1,3,3862717,14,
Brazil,false,999354,1509062400,29,26,1,15,6931003,23,
PREGAME,false,999355,1495065600,65,55,1,6,15159239,42,
Good Vibes,false,999356,1508544000,87,85,4,51,18797674,72,
Bossa Nova,false,999357,1395360000,19,17,3,13,3912839,16,
Jammers,false,999358,1508371200,162,125,1,35,42474123,59,
Summer 17,false,999359,1503360000,50,44,1,19,10791477,38,
latino ,false,999360,1504396800,31,25,1,8,6869863,17,
Salsa,false,999361,1454112000,28,23,2,13,8035021,19,
13.1,false,999362,1505606400,80,43,1,5,18505655,31,
chillin like a villain,false,999363,1508976000,80,67,9,46,17268294,58,
*feels*,false,999364,1476403200,57,55,1,45,16424862,52,
rap workout,false,999365,1472428800,15,10,1,2,3717786,9,
Birthday Bash,false,999366,1509408000,130,121,1,23,31265232,101,
‚òÄÔ∏è‚òÄÔ∏è‚òÄÔ∏è,false,999367,1498867200,16,16,1,3,3885170,16,
Feel good,false,999368,1509062400,28,27,1,23,6498246,26,
goodvibes,false,999369,1503532800,43,37,1,22,9271449,33,
Ska,false,999370,1432339200,191,97,1,49,44610691,55,
Music,false,999371,1509062400,32,24,1,14,7413735,17,
Soundtracks,true,999372,1444262400,7,5,1,3,1264038,4,
l o v e  ,false,999373,1509235200,8,8,1,2,1828483,8,
Acoustic,false,999374,1481760000,29,27,2,10,7438982,23,
Can't Get Enough ,false,999375,1508457600,21,21,1,6,4533698,19,
HYPE,false,999376,1474416000,32,30,1,2,6706834,26,
ballads,false,999377,1504310400,50,45,1,10,11665057,38,sing it.
Spanish Playlist,false,999378,1496102400,16,15,1,3,3548678,11,
para bailar,false,999379,1506988800,116,57,1,23,23149647,44,
Regeton,false,999380,1428364800,31,29,2,2,6857647,22,
Kpoop,false,999381,1464220800,137,60,2,53,29636012,35,
motivation,false,999382,1505001600,30,29,1,14,6519551,27,
Svenskt,false,999383,1420934400,52,46,1,2,11432077,31,
Birthday,true,999384,1452902400,100,93,2,27,23029011,81,
WaVeS,false,999385,1503878400,54,52,2,14,11955834,51,
Shower,false,999386,1499299200,39,34,2,12,8478731,31,
Everything,false,999387,1499126400,171,54,1,31,40189777,28,
Playlist name,false,999388,1509321600,41,37,1,13,8788616,35,dis for my girl Bella *kisses*
Homesick,false,999389,1499299200,58,38,1,15,14033778,22,
YES,false,999390,1418083200,8,8,1,6,1796804,8,
BG,false,999391,1398643200,85,71,1,16,19116414,50,
Christmas,false,999392,1488758400,46,13,1,8,9489246,11,
mood,false,999393,1496534400,45,35,1,19,10494576,28,
wedding,false,999394,1442102400,34,34,1,3,7677491,32,
Discovered,false,999395,1508544000,86,83,1,64,18565276,80,
lowkey,false,999396,1505174400,17,16,2,2,3598559,16,
car jamz,false,999397,1456876800,21,21,2,4,4858880,21,
old school hip hop,false,999398,1481241600,62,50,1,22,16343385,33,
Linus,false,999399,1486857600,16,15,4,13,8206305,15,
old stuff,false,999400,1507680000,78,77,1,9,19183087,63,
william,false,999401,1490486400,14,14,1,10,3272589,14,
sunday ,false,999402,1507680000,77,75,1,60,17473192,66,
old school,false,999403,1480982400,15,13,1,2,3450203,10,
For Megan,false,999404,1446163200,21,15,1,3,4879772,13,
country favorites,false,999405,1499040000,36,14,1,2,8015638,5,
quality,false,999406,1463961600,24,23,10,24,5786337,22,
Old Country,false,999407,1458086400,45,38,1,8,9996247,17,
sj,false,999408,1443398400,34,33,1,5,7925389,30,
Slow,false,999409,1458259200,8,7,1,4,2097051,4,
HIPHoP!,false,999410,1509148800,150,129,2,112,33546624,102,
Ukulele ,false,999411,1484352000,5,5,1,3,1148638,5,
Beautiful Things,false,999412,1368403200,7,7,1,6,2039823,7,
Wedding,false,999413,1428796800,54,48,1,3,13963565,35,
yee haw.,false,999414,1509235200,16,12,1,8,3225314,11,
Running,false,999415,1507334400,86,74,1,3,20313683,55,
For the Soul,false,999416,1500681600,51,44,1,7,12041322,21,
RnB,false,999417,1458345600,45,45,1,21,11364766,34,
Corridos alterados,false,999418,1504310400,94,82,1,15,16894506,51,
TRAP,false,999419,1507852800,73,54,2,24,16537959,41,
Bbq,false,999420,1490486400,144,87,1,2,30617382,47,
W O R K O U T ,false,999421,1506038400,49,33,1,12,10627546,26,
Straight Up,false,999422,1389571200,40,32,2,8,9986866,20,
the goods,false,999423,1422316800,40,39,5,16,8891283,36,
Actual,false,999424,1458086400,187,165,1,40,44899810,143,
lake,false,999425,1437782400,16,15,1,2,3546315,14,
Good Ole Country,false,999426,1443484800,66,48,3,6,15254403,18,
fall 15,false,999427,1446336000,24,22,1,4,5036584,17,
2016 MIX,false,999428,1482105600,56,54,2,43,15396622,47,
dad jams,false,999429,1497657600,21,18,1,3,5345049,15,
Rock,false,999430,1509148800,33,30,2,27,7464754,28,
FBGM,false,999431,1431043200,64,49,1,19,15370849,34,
workout,false,999432,1506556800,26,23,2,9,6170322,20,
Hardcore,false,999433,1373932800,145,18,1,11,22318242,11,
Grandes,false,999434,1380326400,20,16,1,8,5298086,15,
2016,false,999435,1483228800,102,88,1,31,22578735,80,
Fun mix,false,999436,1462492800,64,51,1,11,14623089,36,
trap rap,false,999437,1415059200,68,19,1,6,15547321,18,
good stuff,false,999438,1508544000,206,77,1,33,47171463,57,
throwbacks ,false,999439,1506556800,143,121,2,40,37088633,89,
Acoustic,false,999440,1489881600,28,24,1,14,6923926,20,
Grey's Anatomy,false,999441,1495497600,40,38,1,16,9941117,36,
16,false,999442,1477612800,45,42,1,5,9476082,34,
Chill Music  ,false,999443,1459468800,39,16,2,5,8612488,6,
Summer,false,999444,1496361600,234,167,1,2,58103729,95,
Happiness,false,999445,1399248000,28,28,1,19,5944116,25,
Pregame,false,999446,1493078400,9,9,1,4,2384580,8,
*ant,false,999447,1473552000,20,18,1,6,4683445,18,
#tb,false,999448,1505606400,55,51,2,17,12100714,44,
Imagine Dragons,false,999449,1494720000,17,13,1,4,3692959,13,
ahh,false,999450,1497398400,14,11,2,3,4109364,11,
dinner playlist,false,999451,1442793600,33,31,1,3,7435824,27,
Feel Good Oldies,false,999452,1508544000,61,51,1,21,13490362,36,
chillin,false,999453,1491868800,27,24,1,3,5867882,20,
MUSIC,false,999454,1470700800,28,17,3,3,6279300,12,
22,false,999455,1439424000,23,19,1,4,5267137,14,
13.1,false,999456,1469836800,49,48,1,4,10848188,44,
tuneZ,false,999457,1471651200,63,51,2,9,15180931,45,
summer,false,999458,1489968000,13,13,2,4,2648525,12,
Christmas Music,false,999459,1480982400,39,17,1,3,8217320,15,
soft,false,999460,1503705600,168,118,2,19,36639055,101,
chillout,false,999461,1460937600,63,60,1,9,14598599,50,
EDM,false,999462,1436227200,29,27,2,12,6876538,26,
cool beans,false,999463,1509408000,68,50,1,35,18740041,25,
Pump up,false,999464,1465516800,61,58,1,35,14894224,41,
dance,false,999465,1499558400,21,20,1,14,5430280,15,
Fun Mix,false,999466,1507161600,8,8,1,8,1829392,8,
Dance,false,999467,1503446400,77,71,1,30,17631712,60,
Corridos,false,999468,1410307200,44,20,1,2,7326988,10,
melodies,false,999469,1506124800,101,94,1,54,22390833,75,
PUMPED,false,999470,1509321600,145,106,5,36,32280304,69,
Chill Worship,false,999471,1506211200,72,25,5,17,24546108,21,Good for work, doing homework, or just wanting to enter into His presence
Love Music,false,999472,1443657600,87,74,1,32,21437750,54,
Blues Rock,false,999473,1369353600,214,37,2,5,48620496,16,
Justin,false,999474,1432512000,195,158,2,43,45382951,102,
June 2014,false,999475,1401926400,19,19,2,2,4491307,19,
dads playlist ,false,999476,1496966400,37,37,1,2,9213539,32,
Summer 2015,false,999477,1441843200,37,33,1,16,8096691,33,
roman,false,999478,1509148800,64,57,1,15,13732547,43,
grindin,false,999479,1449619200,16,13,2,9,3617405,9,
Edgy ,false,999480,1452038400,19,19,1,8,3490626,19,
Relax,false,999481,1417651200,6,6,1,4,1266225,6,
Oldies,false,999482,1480204800,96,89,1,9,17732915,75,
Party Hardy,false,999483,1501200000,143,138,1,75,36956689,118,
Flame ,false,999484,1503964800,37,34,1,5,7052226,24,
September,false,999485,1488326400,18,17,1,9,4524989,17,
classics,false,999486,1460764800,168,86,2,10,35151185,51,
summer sixteen,false,999487,1489881600,63,60,1,29,13489527,53,
currently,false,999488,1488326400,47,14,1,3,10944308,11,
Happy Chill,false,999489,1508803200,139,129,1,69,30984412,100,
Worship,false,999490,1506902400,92,40,1,31,26604746,40,
Play this at my funeral ,false,999491,1507680000,155,124,2,34,36475333,101,
Duetos,false,999492,1486771200,44,42,1,12,9904989,29,
feels,false,999493,1509062400,239,177,1,135,54958344,129,
new beginnings.,false,999494,1483401600,26,6,1,3,6333596,5,i feel safe and at peace listening to this stuff
feels,false,999495,1498521600,52,45,2,5,11618854,37,
Classic Country,false,999496,1507075200,86,75,1,15,17018915,50,
relaxed,false,999497,1507334400,84,71,4,25,21781248,56,
guilty,false,999498,1506124800,39,28,1,14,7742426,24,
storm,false,999499,1469318400,9,9,1,3,2128992,9,
Dope Beats,false,999500,1466035200,109,81,1,14,33158023,60,
Goo Goo Dolls,false,999501,1477094400,36,15,1,5,8157258,4,
2016,true,999502,1422489600,29,28,1,5,6143705,28,
timeless.,false,999503,1507680000,21,21,3,3,4909767,19,
Eli,false,999504,1509062400,185,136,1,48,44253159,92,
Squad,false,999505,1437782400,68,60,5,41,14875308,50,
sunset,false,999506,1469145600,14,14,1,2,2923539,14,
hoco,false,999507,1506816000,41,31,1,3,9563409,24,
the office ,false,999508,1418428800,5,5,1,2,1386360,5,
ROADTRIP,false,999509,1500854400,83,79,1,10,18179578,68,
shower,false,999510,1444953600,33,22,1,6,7530607,17,
Machine gun kelly,false,999511,1506211200,43,11,1,3,9822211,6,
Playlist 7,false,999512,1467244800,19,18,1,3,3921851,18,
bridal shower ,false,999513,1366934400,21,18,1,2,4750014,18,
guilty pleasure,false,999514,1499644800,77,58,1,17,16752505,45,
Other Stuff,false,999515,1369353600,29,25,1,15,7480933,20,
Shower,false,999516,1506556800,71,55,1,29,15562079,47,
chill vibes,false,999517,1501718400,43,41,1,25,10136207,40,
RANDOM FAVORITES,false,999518,1450224000,99,68,1,9,23972976,43,
New 2,false,999519,1464912000,61,40,2,25,13125955,33,
Bachata,false,999520,1507852800,20,12,2,3,4689098,7,
Spanish songs ,false,999521,1508457600,121,92,1,51,23101949,53,
Oldies,false,999522,1472601600,57,34,1,7,11042879,9,
Alternative Rock,false,999523,1410480000,81,63,1,25,19688747,47,
Spanish,false,999524,1492819200,28,25,1,15,6713938,20,
wow,false,999525,1490745600,53,36,1,12,10281700,28,
Breaking Benjamin,false,999526,1498262400,31,12,1,11,7021471,6,
game time,false,999527,1491609600,44,41,2,17,10553369,34,
Pilates,false,999528,1460592000,78,76,1,23,16729794,68,
music,false,999529,1498003200,27,21,1,6,6523974,15,
christmas,false,999530,1387843200,203,54,2,6,36140663,39,
throwback ,false,999531,1508889600,156,122,1,26,34903630,81,
Feel Good,false,999532,1481068800,22,22,2,8,4725197,22,
new,false,999533,1467763200,96,77,2,24,22568582,64,
Oh Yeah!,false,999534,1508976000,102,90,1,47,24282080,74,
AHS,false,999535,1451347200,14,13,1,8,2947376,13,
Frozen,false,999536,1387756800,59,3,1,2,7744568,10,
THEATER,false,999537,1503619200,69,15,2,13,17550634,25,
Work,false,999538,1465603200,51,40,1,16,12555146,29,
queue,false,999539,1508630400,126,99,1,13,29093429,82,new songs for a busy mind
PM,false,999540,1449532800,45,9,2,2,8921857,5,
sleep,false,999541,1473120000,21,8,1,4,3368336,7,
Hip Hop/ R&B,false,999542,1505174400,43,38,1,4,10234259,29,
Electro Chill,false,999543,1509321600,186,162,17,119,52947630,136,Smooth, atmospheric, glitchy and deep tunes for a chillout vibe.
songssss,false,999544,1487980800,14,14,2,6,2847785,14,
Work list,false,999545,1419465600,33,28,1,8,8331065,23,
Cruisin,false,999546,1472947200,84,72,1,30,21144349,59,
Reggaeton,false,999547,1507680000,41,40,2,24,8632805,35,
drank,false,999548,1508112000,63,54,3,17,13717112,50,
heavy,false,999549,1503014400,72,57,2,12,18080117,34,
Cool covers,false,999550,1501027200,63,61,1,23,15592042,55,
R & B,true,999551,1380153600,42,37,1,20,11358905,31,
Oldies but goodies,false,999552,1492473600,82,75,1,15,21480701,53,
SWAG,false,999553,1442448000,24,15,1,9,4380157,11,
Acoustics,false,999554,1481328000,21,17,1,4,4649913,14,
Sleep,false,999555,1507852800,69,59,1,38,18345840,50,
summer 15,false,999556,1439424000,32,23,1,3,7164945,20,
üíÅüèº,false,999557,1494806400,22,20,1,4,5316557,8,
60s,false,999558,1483056000,36,28,1,8,6000259,18,
Dancehall,false,999559,1485302400,148,106,5,22,28234632,40,
Rolex,false,999560,1496793600,16,15,1,5,3564971,13,
Weekend,false,999561,1477958400,74,16,1,4,16221157,29,
Trance,false,999562,1406937600,56,46,3,29,16978667,39,
BW,false,999563,1393372800,13,8,1,6,2603664,13,
Littt,false,999564,1507248000,80,69,1,38,17567352,56,
september 17,false,999565,1506643200,22,20,1,16,5338780,19,
good good ,false,999566,1486944000,49,46,1,25,10739050,39,
Witchcraft,false,999567,1508889600,11,11,1,4,2491250,10,
Electro Swing,false,999568,1452384000,56,47,4,6,14309559,40,
yea,false,999569,1473811200,85,84,2,22,18181145,82,
PAAARTY!,false,999570,1505520000,72,60,1,2,19032460,48,
Rage,false,999571,1422748800,138,74,1,9,35937635,52,
Focus,false,999572,1507161600,129,94,2,49,32759990,83,
new new new !,false,999573,1497225600,39,36,1,6,8449861,30,
Chill list,false,999574,1507334400,32,30,1,11,7003362,29,
Lit AF,false,999575,1503532800,103,78,2,23,23599388,57,
just chillin,false,999576,1426464000,50,43,1,7,11758725,34,
90s,false,999577,1430784000,33,28,3,19,7356899,26,
cumbia,false,999578,1426464000,92,61,1,26,21141630,48,
Inspiration,false,999579,1493510400,18,18,1,2,3623099,17,Influential tunes
Musik,false,999580,1488326400,113,86,1,3,27723856,60,
Bangers,false,999581,1467849600,25,24,1,9,6749758,21,
boi,false,999582,1473811200,30,24,1,8,7201138,15,
Chance,false,999583,1494547200,60,35,1,15,13379049,30,
Canada,true,999584,1409529600,24,24,1,6,5924843,23,
tbt,false,999585,1499212800,78,30,1,3,17647816,13,
Fall 2017,false,999586,1508889600,78,25,1,2,17291283,21,
like,false,999587,1489276800,44,42,3,24,9844545,35,
Heather,false,999588,1504742400,9,9,1,3,2080426,8,As they say, sharing is caring.
Movie soundtracks,false,999589,1368057600,132,27,1,4,29236681,52,
lsd,true,999590,1494806400,88,81,3,29,25452378,74,
Camping,false,999591,1506211200,144,100,4,17,31729245,59,
Old School,false,999592,1385856000,249,213,3,15,67405589,166,
Chill Music,false,999593,1473033600,20,20,1,2,4240279,20,
SUMMER 2k17,false,999594,1505520000,25,20,1,4,5172495,18,
Pump up,false,999595,1509148800,32,30,2,10,7007406,27,
Odd Future,false,999596,1385337600,140,13,1,4,30644990,11,
june 2017,false,999597,1499126400,23,23,2,4,5543629,23,
car,false,999598,1494374400,240,125,3,28,54984463,72,
litüî•,false,999599,1509408000,176,86,1,64,36722306,47,
December 2016,false,999600,1482192000,22,22,1,4,5461103,22,
summer 17,false,999601,1503187200,31,30,1,3,6691737,30,
Gina,false,999602,1367452800,38,36,1,4,8741498,36,
ACL,false,999603,1507939200,44,28,1,6,9852629,17,
Beach songs ,false,999604,1507593600,42,39,1,18,9823344,31,
Mellow,false,999605,1483833600,16,16,1,9,3876106,16,
Twenty One Pilots ‚Äî Heathens,false,999606,1472342400,18,13,2,9,3608641,9,
sleep.,false,999607,1494460800,13,10,1,5,3002210,8,
Intimate,false,999608,1478649600,20,20,1,17,4973944,20,
Instrumental,false,999609,1506643200,19,18,1,8,5952169,14,
Twenty One Pilots ,false,999610,1492560000,40,15,1,3,9208738,13,
Songs to sing to,false,999611,1509148800,67,55,1,31,16302441,42,
pump up,false,999612,1443312000,29,29,1,9,7358721,22,
Sleep,false,999613,1501804800,104,100,1,71,26049403,92,
Rap,false,999614,1475020800,108,94,1,49,24225844,73,
90s,false,999615,1475107200,48,41,1,2,11908623,37,
new new ,false,999616,1506556800,28,28,1,23,6376008,27,
Dance,false,999617,1479427200,55,47,1,46,12676694,46,
sad :(,false,999618,1506384000,33,33,1,14,7481090,32,
stuff,false,999619,1418515200,46,41,1,29,10839545,37,
thoughts,false,999620,1411862400,133,64,2,19,29386077,56,
Huapangos,false,999621,1507334400,26,23,1,9,5149366,21,
Groove,false,999622,1495152000,83,77,2,54,25074192,71,
üî•üî•,false,999623,1509062400,58,44,1,20,12553100,29,
bachata,false,999624,1508716800,25,20,2,11,5849547,15,
Shaky Knees,false,999625,1389916800,135,75,1,2,31745069,36,
bruh,false,999626,1418601600,89,85,1,2,23984852,64,
My favs ,false,999627,1509408000,175,84,1,86,42729399,43,
aye,false,999628,1380240000,44,38,1,2,10780143,35,
Summer ,false,999629,1488758400,16,16,6,6,3433289,15,
mornin',false,999630,1503360000,24,24,6,13,5458375,24,
Mood. ,false,999631,1479859200,13,13,1,3,3350317,10,
Random,false,999632,1504915200,184,97,1,46,40283220,78,
Beachin,false,999633,1395014400,33,30,1,3,7480017,25,
classic ,false,999634,1486684800,66,46,1,11,17466924,28,
throwback,false,999635,1467676800,37,35,1,3,8605407,31,
New Finds,false,999636,1506816000,105,95,1,18,25389315,91,
21st Birthday!!!!,false,999637,1481241600,71,47,1,3,16331708,29,
Poker,false,999638,1404345600,22,22,2,4,5740304,19,
shut up and dance ,false,999639,1441584000,88,84,4,5,20486279,77,
L$D,false,999640,1476230400,50,41,1,20,11222276,36,
trap,false,999641,1489449600,72,55,2,29,16097545,37,
Workout,false,999642,1505347200,108,89,1,35,27331097,61,
Spanish Vibes,false,999643,1505520000,71,58,1,24,15931937,41,
sleep,false,999644,1496275200,25,22,1,15,7152587,17,
Dance,false,999645,1508371200,124,122,1,46,29908681,90,
Back in the day,false,999646,1479427200,96,73,2,5,26732041,53,
Fall 2014,false,999647,1416096000,46,40,1,20,12026440,37,
music,false,999648,1506297600,37,33,1,26,9226174,30,
Broadway,false,999649,1486512000,73,30,1,12,17466014,34,
fave,false,999650,1422576000,164,123,2,65,37296024,88,
Smh,false,999651,1509148800,141,105,1,50,30648493,63,
party ,false,999652,1509408000,120,111,1,44,27238899,88,
worship songs,false,999653,1450396800,202,62,2,24,49874753,33,
On My Mind,false,999654,1452211200,25,24,1,2,6311424,14,
jams,false,999655,1509062400,49,42,1,31,10647507,35,
Oldies,false,999656,1505692800,92,78,1,13,19094074,53,
Soul,false,999657,1490227200,128,71,1,43,27052675,46,
coachella ,false,999658,1487462400,8,8,1,8,1775788,6,
dance,false,999659,1380412800,9,9,1,3,1914278,9,
Bear,false,999660,1467763200,89,75,1,18,20607161,58,
Sex,false,999661,1504396800,18,17,2,13,4222997,15,
Covers,false,999662,1508284800,87,74,1,42,17694624,45,
A Perfect Circle,false,999663,1370304000,49,11,1,6,12086457,5,
Party list,false,999664,1507507200,14,9,1,2,2396463,9,
New Things,false,999665,1500336000,93,91,1,47,21755154,84,
Hang Out,false,999666,1422576000,67,58,2,20,15672840,53,
British Invasion,false,999667,1462147200,36,20,1,10,8536960,5,
Texas Forever,false,999668,1507248000,123,85,1,4,29915481,36,
cool,false,999669,1479427200,62,59,1,21,13276408,51,
Stuff I like,false,999670,1507766400,160,136,1,42,36156270,112,
Ellie,false,999671,1408147200,75,58,1,11,16401493,50,
Cruisin,false,999672,1429401600,80,49,1,19,19658851,31,
The Good Stuff,false,999673,1424044800,80,36,1,15,17376080,28,
Chantaje,false,999674,1480982400,6,6,1,2,1253945,6,
Sunny,true,999675,1438992000,51,49,18,30,11748191,37,
Spooky!,false,999676,1483833600,139,96,1,27,40748050,62,Spooktacular gothic, deathrock, and related darkery.
Current Mood,false,999677,1509408000,40,34,1,8,8649446,28,
Dreams,false,999678,1482710400,83,19,3,12,13306289,55,
Smooth,false,999679,1509408000,134,67,3,51,33220199,37,
Witchcraft,false,999680,1419292800,79,59,1,12,13904019,38,
Gospel,false,999681,1503532800,156,52,1,12,36412251,20,
Southern Rock,false,999682,1502150400,61,35,1,11,19081094,13,
sex,false,999683,1506038400,33,29,1,9,7441266,17,
july,false,999684,1442275200,28,28,1,10,8009229,27,
papa,false,999685,1477785600,16,16,7,3,3809759,16,
Surf,false,999686,1472774400,39,31,3,25,9032700,28,
loveee,false,999687,1488931200,22,19,1,6,5629520,15,
Classics,false,999688,1502409600,115,89,1,9,29424053,40,
Cocktail Hour,false,999689,1403308800,45,38,4,2,8307283,26,
mellow,false,999690,1463529600,64,43,2,11,13789035,29,
us,false,999691,1506297600,138,134,1,6,29633778,122,
chillen,false,999692,1432944000,49,44,1,7,12158216,31,
Route 66,false,999693,1484265600,37,34,2,5,8661737,30,
Awake,false,999694,1508803200,110,87,1,31,29113900,71,
baller,false,999695,1502841600,7,6,1,3,1986896,5,
wake up,false,999696,1452124800,25,24,1,13,5952504,22,
Warm Weather,false,999697,1415145600,28,23,1,8,5740913,23,
4/20,false,999698,1505433600,45,36,1,34,11121316,26,
shower,false,999699,1466380800,10,9,2,2,2234761,8,
90's,false,999700,1394323200,33,19,1,4,7638140,13,
Reception!!,false,999701,1508889600,37,30,1,4,7640760,24,
Chills,false,999702,1502755200,33,33,1,2,7736109,28,
Edge ,false,999703,1503187200,24,16,1,3,5245877,3,
üî•üî•üî•,false,999704,1472860800,14,13,2,3,3291234,13,
Klance,false,999705,1508284800,23,23,1,18,4654855,22,
GET PUMPED!!,false,999706,1508889600,172,147,1,27,37931224,112,
riding music,false,999707,1478044800,37,26,1,15,10246375,13,
Accapella ,false,999708,1500076800,38,24,1,4,8698855,13,
cool,false,999709,1492041600,34,30,1,7,7559642,29,
christmas music,true,999710,1387756800,69,52,2,7,15013923,46,
Panic! At The Disco,false,999711,1452816000,66,12,3,7,13391083,6,
oldiess,false,999712,1488240000,9,7,1,4,2131436,6,
Kevin,false,999713,1484438400,7,6,2,4,1428745,6,
County,false,999714,1506729600,177,91,1,41,38195064,48,
Marijuana,false,999715,1507939200,39,32,1,14,7470131,26,
Shower Songs,false,999716,1507852800,80,54,1,7,18534560,32,
yay,false,999717,1505606400,66,49,1,6,14062461,40,
KIDZ,false,999718,1502236800,7,4,2,4,1453817,4,
alex,false,999719,1509235200,43,42,1,22,9046727,42,
Holiday Music!,false,999720,1419292800,46,41,3,12,8597435,36,
Road Trip,false,999721,1420588800,82,62,1,4,18430128,47,
trap house,false,999722,1469664000,108,88,3,14,26280446,73,
young folks,false,999723,1505692800,44,39,1,21,11701039,30,
charlie,false,999724,1371772800,5,4,1,3,991305,4,
Rock,false,999725,1507507200,230,138,1,57,55775633,84,
Black Coffee,false,999726,1509321600,81,61,1,5,18784291,43,
bb,true,999727,1428969600,217,76,1,21,49454874,30,
R&b,false,999728,1504915200,85,77,1,57,20438769,59,
Heart Strings,false,999729,1502928000,63,37,1,10,15781943,34,
Willie Nelson,false,999730,1371859200,42,40,1,7,9286906,29,
June,false,999731,1380672000,36,35,2,11,9012687,33,
Feel Good Friday,false,999732,1380067200,61,57,4,35,14006143,55,
Ccm,false,999733,1475020800,95,52,1,9,32034261,21,
Modern music,false,999734,1503619200,52,27,1,23,11954897,19,
miley,false,999735,1455321600,36,11,1,9,7627642,3,
Good Beats,false,999736,1508371200,143,125,2,104,32570531,109,
Fresh,false,999737,1505347200,9,9,1,6,2042031,6,
Weird,false,999738,1507852800,239,221,1,125,53047856,191,
2k,false,999739,1472947200,13,13,1,2,3122101,11,
Alternative,false,999740,1470960000,54,42,1,9,14021306,33,
Old School Vibes,false,999741,1505779200,97,76,1,9,24046870,51,
Jazz,false,999742,1508716800,44,4,1,3,8463120,8,
Rap Jams,false,999743,1505779200,49,24,1,6,10613377,11,
top 15,false,999744,1508025600,32,32,1,3,8714752,29,
DC,false,999745,1365465600,108,96,1,54,25994707,68,
90's R&B,false,999746,1438819200,83,62,4,10,23125714,43,
Vampire Weekend,false,999747,1487289600,48,22,1,3,10287061,17,
Summer 2017,false,999748,1504742400,50,42,1,26,10507562,41,
Workout music,false,999749,1450137600,77,62,1,7,18234055,40,
emo,false,999750,1499731200,56,48,3,7,14162755,32,
crunk,false,999751,1495152000,14,13,1,8,3012157,11,
best,false,999752,1508371200,45,37,1,17,10053792,26,
electronic,false,999753,1507161600,97,75,1,57,24961058,53,
Spring 2016,false,999754,1480636800,134,103,1,42,34682276,81,
explore,false,999755,1493251200,35,35,1,27,7929202,34,
Real Rap,false,999756,1478822400,135,67,1,48,29556526,52,
All-Time Favorites,false,999757,1506297600,113,80,1,69,28392734,62,A collection of my favorite songs from all genres.
Metal rock,false,999758,1503100800,30,25,1,11,8209085,19,
Soul,false,999759,1508889600,65,53,1,11,15151277,44,
hehe,false,999760,1508544000,21,18,1,7,4499694,18,
Lithium,false,999761,1492819200,21,21,1,9,4911379,21,
da best,false,999762,1430179200,36,30,4,25,8502999,24,
riley,false,999763,1480809600,51,43,1,8,10808532,31,
neo soul,false,999764,1508716800,52,49,1,30,14046385,46,
good times,false,999765,1506211200,104,46,1,5,23308336,20,
bump,false,999766,1509235200,38,38,1,15,8272775,35,
August,false,999767,1471651200,38,33,1,6,8326532,27,
New Loves,false,999768,1456358400,18,16,1,12,3808194,13,
chilll,false,999769,1484870400,105,81,6,62,24379328,54,
This,false,999770,1509494400,138,126,2,90,30055145,110,
CD,false,999771,1506556800,44,35,1,20,11471290,20,
CLASSICS ,false,999772,1462233600,13,13,2,5,3779754,12,
quinn,false,999773,1501459200,27,26,1,5,6542635,25,
Dancy,false,999774,1391040000,23,23,1,4,5919207,18,
Christmas 2016,false,999775,1481241600,61,32,1,6,11694075,24,
Sad,false,999776,1493942400,11,11,2,8,2568648,9,
yas,false,999777,1474329600,79,22,1,9,16781550,11,
Summer,false,999778,1497052800,217,184,7,24,48801479,135,
escape ,false,999779,1459036800,25,18,3,7,7253761,12,
Lake,false,999780,1441670400,34,33,1,3,8074848,32,
May Day,false,999781,1369612800,21,15,1,8,6917475,14,
Female Singers,false,999782,1496793600,83,45,1,20,19972363,27,
Disney,false,999783,1489017600,108,42,1,4,19646852,69,
Throwback,false,999784,1504483200,41,35,1,5,8954901,25,
iii,false,999785,1433808000,48,41,1,13,11184469,36,
September 2016,false,999786,1475193600,39,34,1,7,9171967,32,
Up Beat,false,999787,1388102400,37,18,1,4,10090486,17,
Neat,false,999788,1500422400,13,13,1,3,2645779,13,
WM,false,999789,1490313600,112,23,1,2,24735360,11,
wedding songs,false,999790,1470700800,6,6,1,3,1341678,6,
Old Country,false,999791,1474416000,66,41,1,10,14576371,17,
That,false,999792,1424908800,70,46,1,42,16707438,37,
Solid,false,999793,1500163200,13,13,1,4,3288884,12,These songs are Solid inside me, hence the name.   If your seeing this you must be someone special  indeed
Tune$,false,999794,1476662400,23,21,3,10,4844551,20,
smh,false,999795,1509408000,20,18,1,14,4682522,14,
Cool Covers,false,999796,1476403200,72,67,2,13,18104087,60,
Rock,false,999797,1509148800,90,74,1,51,21888627,48,
Oldies,false,999798,1508976000,42,40,2,12,10763249,28,
joshua tree,false,999799,1494547200,15,15,1,9,3586117,15,
bops,false,999800,1509148800,59,47,2,7,12633165,33,
Mellow Fellow,false,999801,1506038400,35,34,2,33,8563183,29,
Songs that never fail to make white people beyond turnt,false,999802,1491868800,185,179,1,11,44288476,166,
f a l l,false,999803,1509148800,55,50,1,30,13793493,43,
lit,false,999804,1489017600,24,16,1,2,5407382,15,
sexy time,false,999805,1470355200,36,33,1,12,8507034,30,
EDM,false,999806,1499817600,91,85,1,44,22139577,66,
Run Faster,false,999807,1403913600,45,42,1,6,11078281,38,
Classic Hip-Hop,false,999808,1508457600,191,98,1,3,46648821,54,
Rap,false,999809,1479859200,113,97,2,29,26326345,71,
GG,false,999810,1497830400,13,13,1,4,3208203,13,
Iii,false,999811,1464220800,10,6,1,2,2546931,5,
new,false,999812,1445299200,55,34,1,8,13419599,22,
Jamz,false,999813,1468800000,65,45,1,9,15003208,31,
Throwback Thursday,false,999814,1502928000,26,25,1,2,6087825,23,
cinematic,false,999815,1509408000,93,90,3,37,21577753,88,
Matthew,false,999816,1377993600,29,27,1,3,7098207,23,
migos,false,999817,1498608000,81,65,2,50,18271346,50,
STUDY,false,999818,1419984000,51,36,1,16,17982015,26,
‚öΩÔ∏è,false,999819,1475884800,14,13,1,7,2772109,11,
get down,false,999820,1450828800,19,18,1,4,5155013,13,
yuh,false,999821,1431043200,59,52,1,5,13301871,44,
tom,false,999822,1502928000,34,32,1,7,8181571,26,
Throwbacks,false,999823,1494201600,10,10,1,3,2293556,8,
throwback,false,999824,1486080000,96,87,1,17,23581652,71,
Partyyyyyy,false,999825,1483401600,36,34,1,3,8273873,28,
mix 1,false,999826,1480723200,29,27,1,3,6648651,19,
Metal,false,999827,1432080000,186,46,2,4,57179089,23,
Texas Country ,false,999828,1506038400,186,106,1,93,43524482,59,
southern rock,false,999829,1507334400,132,42,1,15,37320946,10,
( r e l a x ),false,999830,1509408000,69,66,1,35,15292074,62,relax, vibe, scream, bounce, love
Road Music,false,999831,1506211200,118,97,1,34,25963145,79,
CHANCE,false,999832,1495584000,18,4,1,3,4372158,4,
Driving,false,999833,1417651200,150,130,2,11,34097988,86,
spring 17,false,999834,1498176000,63,60,1,48,15268293,57,
cleaning,false,999835,1458864000,92,92,1,2,21007273,86,
killin it ,false,999836,1502582400,190,161,1,48,42416799,126,
Brian,false,999837,1471046400,34,27,1,6,7489158,21,
kareoke,false,999838,1474156800,118,97,2,8,27563127,75,
The Ladies,false,999839,1493251200,82,81,1,5,18937687,78,
Collaboration,true,999840,1471651200,92,90,2,53,22771054,79,
Check it out!,true,999841,1509148800,82,81,1,72,17657386,75,
relaxation ,false,999842,1504396800,21,14,2,2,5234526,3,
fire ,false,999843,1451174400,121,89,1,14,29457193,59,
‚ô•Ô∏è,false,999844,1495324800,13,11,1,4,3130648,10,
Fire,false,999845,1462320000,58,40,1,4,12355198,25,
Juli,true,999846,1500768000,89,67,1,11,21251541,49,
Meh,false,999847,1432166400,25,22,1,4,5351789,22,
Bubbles,false,999848,1500940800,17,17,2,7,3712821,17,
New year,false,999849,1472083200,37,36,1,11,8061734,33,
sweet dreams,false,999850,1504828800,15,14,1,10,3975171,14,
THE Days,true,999851,1397174400,65,61,2,10,16366983,55,
Banda,false,999852,1509321600,53,39,2,22,10435779,20,
summer,false,999853,1509321600,83,79,1,16,17704818,76,
Same,false,999854,1487721600,13,13,1,11,3085718,12,
pumped,false,999855,1482105600,109,106,1,43,23803450,105,
PS,false,999856,1441411200,51,40,1,2,12391112,33,
jessie,false,999857,1471478400,32,27,1,17,7430211,26,
100,false,999858,1503878400,14,13,1,2,3127604,9,
love love love,false,999859,1469318400,12,11,1,3,2448466,11,
hw,false,999860,1503187200,27,20,1,11,6384245,14,
<333 ,false,999861,1367971200,86,72,2,40,20242256,47,
GOOD VIBES,false,999862,1496793600,13,13,1,4,2829797,11,
Summer,false,999863,1497571200,55,48,1,6,12311806,37,
Playlist,false,999864,1509408000,167,140,1,124,35493944,97,
80s,false,999865,1506729600,67,58,1,24,16468951,51,
irish ,false,999866,1502409600,32,19,1,4,7036472,8,
Lady Jams,false,999867,1492732800,106,87,1,66,26992818,61,
smooth,false,999868,1496016000,96,82,1,34,18247796,58,
musica,false,999869,1502323200,90,80,2,31,21432923,55,
good music,false,999870,1434931200,93,86,1,31,21954456,78,
Lu,false,999871,1506988800,39,38,4,30,8456554,32,
Shower,false,999872,1500940800,26,26,1,16,6015240,23,
dads,false,999873,1505692800,100,93,1,43,23225327,63,
New Playlist 4,false,999874,1489104000,15,15,1,2,3180925,15,
party,false,999875,1478044800,222,153,2,5,51283556,113,
Chill Out,false,999876,1465344000,23,23,1,5,5503797,23,
Covers,false,999877,1408060800,23,23,1,10,7145951,15,
Drive Time,false,999878,1504224000,200,98,2,12,42520576,43,
run,false,999879,1504137600,115,78,1,4,24371042,59,
‚ù§Ô∏è,false,999880,1506384000,60,54,1,18,13968362,47,
Spanish,false,999881,1451347200,68,45,1,11,14737642,33,
Happy Christmas!,false,999882,1482192000,71,52,1,18,13598044,45,
Wedding,false,999883,1495929600,7,7,1,3,1704900,7,
Throwback playlist,false,999884,1452729600,24,23,1,6,6025785,22,
Shower,false,999885,1467417600,5,5,1,2,1114285,5,
rap playlist,false,999886,1507248000,184,129,3,35,43286261,88,
Merengue,false,999887,1428969600,34,21,1,5,8688945,8,
Those days,false,999888,1496275200,71,46,1,31,16996371,35,
Chill music,true,999889,1503792000,28,22,1,13,6442122,18,
Reggeton,false,999890,1478736000,89,66,2,4,20737099,34,
90's country,false,999891,1490313600,238,140,1,5,50224478,47,
70's,false,999892,1379376000,47,17,1,2,18444676,33,
nick.,false,999893,1470096000,19,19,1,3,4152620,19,
Lit songs,false,999894,1472601600,30,29,2,18,6920042,25,
jams,false,999895,1492300800,51,47,3,7,11185988,40,
Spring '16,false,999896,1464652800,30,29,2,18,7701758,29,
Kings,false,999897,1508630400,161,86,1,33,37225468,42,
üî•üî•üî•,false,999898,1509494400,171,124,1,79,37921202,80,
old,false,999899,1493078400,36,35,1,2,8397262,32,
Banjo,false,999900,1440720000,20,12,1,2,4641906,10,
Rock,false,999901,1478217600,14,11,1,6,3622209,8,
sad times,false,999902,1509408000,116,95,2,58,27989757,70,
mixx,false,999903,1508025600,217,193,1,167,51860881,123,
Spring Break,false,999904,1438041600,62,56,1,21,14319038,50,
Jazz,false,999905,1430352000,30,10,1,3,5987387,5,
The Best,false,999906,1478217600,25,23,1,18,5195355,19,
relax,false,999907,1507420800,49,45,1,6,11818306,25,
Werk,false,999908,1433980800,11,9,1,2,2622780,9,
Electronic,false,999909,1441929600,9,9,1,5,3454037,9,
Energize,false,999910,1480982400,112,100,1,3,26035979,91,
T^T,false,999911,1479772800,78,59,1,7,19758579,40,
div,false,999912,1476835200,18,16,1,6,4071885,14,
Desperado,false,999913,1471478400,7,5,1,2,1271977,4,
Las Buenas,false,999914,1482105600,73,55,1,4,13963898,25,
Sexy ,false,999915,1507680000,157,131,1,58,40187047,104,
Game day,false,999916,1463270400,43,40,1,4,9904431,32,
Reggae,false,999917,1461110400,99,71,1,45,22459896,38,
My stuff,false,999918,1509062400,19,18,1,2,3977536,15,
2016,false,999919,1481241600,51,51,2,16,10384512,51,
Ear Candy,false,999920,1504396800,18,18,1,11,4143011,17,
Movie Soundtracks,false,999921,1508803200,32,19,1,9,7986769,18,‚ÄúWell I kind of look at it like it‚Äôs your favorite directors making a mix tape just for you.‚Äù - Ben Wyatt
BOOMIN,false,999922,1509408000,100,82,2,43,22131262,64,
crooners,false,999923,1481673600,27,16,2,20,5994499,10,
sleep,false,999924,1499040000,8,8,11,2,1664925,8,
Ride,false,999925,1498694400,23,20,1,8,5204825,18,
coffee,false,999926,1506902400,24,4,1,3,2651819,4,
upbeat,false,999927,1486944000,18,17,1,11,3929427,17,
Summer 2017,false,999928,1504224000,140,124,1,5,30971197,106,
punk ,false,999929,1475539200,48,43,3,8,10445269,28,
(Guilty) ,true,999930,1493942400,62,48,1,24,13951262,35,
rnb_hiphop,false,999931,1506643200,126,100,1,12,31453629,64,
TURNUP ,false,999932,1441411200,20,20,1,6,4456004,19,
Marathon,false,999933,1489190400,47,43,1,3,10606318,38,
reggaeton,false,999934,1433721600,6,5,1,2,1222225,4,
Cruzin,false,999935,1505692800,133,115,1,42,33572032,86,
Road Trip,false,999936,1468627200,152,122,1,11,37049388,97,
She Will Be Loved,false,999937,1449187200,73,41,2,14,16994818,27,
Soul,false,999938,1503360000,46,38,1,14,10451507,31,
Classics,false,999939,1460073600,30,28,1,4,8157034,18,
Alternative Mix,false,999940,1508803200,32,30,1,19,8030584,26,
80's,false,999941,1421884800,20,12,1,5,5023068,9,
eh,false,999942,1502755200,59,41,1,15,12348236,34,
gym,false,999943,1407024000,26,23,1,2,6724416,14,
CHILE,false,999944,1428364800,33,31,1,2,7569912,28,
80s,false,999945,1364601600,126,98,2,4,33354142,53,
throwbackk,false,999946,1492992000,19,18,2,2,4435593,17,
club,false,999947,1507334400,39,34,1,14,8888134,25,
In The Car,false,999948,1453766400,16,16,1,2,3945314,15,
Summer,false,999949,1439164800,113,70,1,19,25573158,45,
Pump,false,999950,1387670400,33,29,1,4,8656684,21,
Party,false,999951,1431216000,102,87,1,31,24482302,67,
New Tunes,false,999952,1509062400,36,33,1,6,7262849,32,
roots,false,999953,1501113600,55,47,4,20,10735488,23,
Christian ,false,999954,1457136000,78,69,2,31,19217206,46,
XOXO,false,999955,1495497600,43,38,1,10,9105657,30,
EDM 2015,false,999956,1442448000,53,44,1,7,11989994,32,
Happy list,false,999957,1420070400,45,43,1,3,10060104,40,
11,false,999958,1457222400,11,11,1,2,2532771,11,
K pop,false,999959,1507161600,37,16,1,11,8325786,5,
Throwback ,false,999960,1498348800,20,12,1,5,5219427,10,
KPOP,false,999961,1501286400,14,10,1,3,3073935,4,
MUSIC,false,999962,1507248000,95,91,1,58,21246271,77,
I love You,false,999963,1447891200,32,30,1,7,6782028,27,
old stuff,false,999964,1471737600,41,36,1,10,8796794,35,
feels,false,999965,1504310400,135,122,1,79,30519033,107,
Bang bang,false,999966,1509321600,69,60,2,40,15331570,47,
Chinese Songs,false,999967,1494720000,14,11,1,6,3709093,6,
chill songs,false,999968,1509062400,139,124,5,51,33459180,95,
mood,false,999969,1458432000,22,13,1,15,4933347,12,
Inspire,false,999970,1509321600,61,57,1,38,19734452,44,
folk yeah,false,999971,1508284800,59,27,1,6,13974715,11,
Memories,false,999972,1508889600,62,57,2,9,13658039,51,This playlist has been created based on my own personal experiences and memories. Bacause every phase of our life has an beautiful&#x2F;sad&#x2F;emotional&#x2F;crazy playlist. Enjoy! XOXO
Yoga,false,999973,1498608000,16,16,1,8,5848426,16,
pregame ,false,999974,1507680000,74,72,1,32,17241543,56,
Happy,false,999975,1508284800,9,9,1,2,2208698,7,
Young Dumb & Broke,false,999976,1505001600,6,5,1,3,1329108,5,
Audiobooks,false,999977,1415577600,90,11,4,5,216094210,3,
mom!,false,999978,1483315200,168,126,1,4,42971661,53,
summer 2017,false,999979,1499644800,60,58,1,8,13844918,52,
Old school,false,999980,1506988800,67,55,1,21,17703515,36,
80s,false,999981,1486252800,28,27,1,2,7095858,24,
stay woke,false,999982,1509235200,29,26,1,5,7951175,19,open ur mind kids
Whisky ,false,999983,1506988800,18,16,1,7,4533314,10,
Lake,false,999984,1507680000,132,99,1,12,30704124,82,
Baby Making Music,false,999985,1455753600,28,26,3,18,7146239,16,
Work,false,999986,1509321600,130,113,3,51,28335806,82,
Calm,false,999987,1506643200,182,157,2,97,45890868,112,
Jams,false,999988,1500336000,27,21,2,20,5838269,18,
PARTAY,false,999989,1507334400,94,88,1,11,20689502,71,
Drake ,false,999990,1485820800,11,10,1,7,2552785,7,
Sleep,false,999991,1416268800,39,35,2,19,9525414,26,
GB,false,999992,1453248000,110,77,1,12,24571468,48,
Studying,false,999993,1406764800,27,19,1,4,5934326,13,
Slow Songs,false,999994,1508544000,65,56,1,18,16628793,44,
Praise,false,999995,1409529600,32,23,1,5,8502173,11,
Worship,false,999996,1475625600,122,74,1,12,31246908,42,
Sex,false,999997,1498176000,24,22,1,4,6015165,17,
‚úùÔ∏è,false,999998,1506816000,11,8,1,6,2909608,5,
BANDA,false,999999,1433116800,110,57,1,13,19451365,26,